{"cameraMode":{"drawMode":0,"name":"Shaded","section":"Shading Mode"},"sceneLighting":false,"audioPlay":false,"sceneViewState":{"m_AlwaysRefresh":false,"showFog":true,"showSkybox":false,"showFlares":true,"showImageEffects":true,"showParticleSystems":true,"showVisualEffectGraphs":true,"m_FxEnabled":true},"in2DMode":false,"pivot":{"x":1.1920928955078126e-7,"y":1.1214065551757813,"z":0.05204582214355469},"rotation":{"x":0.2740078270435333,"y":-0.6750948429107666,"z":0.3005143404006958,"w":0.6155429482460022},"size":1.6735830307006837,"orthographic":false}