{"cameraMode":{"drawMode":0,"name":"Shaded","section":"Shading Mode"},"sceneLighting":false,"audioPlay":false,"sceneViewState":{"m_AlwaysRefresh":false,"showFog":false,"showSkybox":false,"showFlares":false,"showImageEffects":false,"showParticleSystems":false,"showVisualEffectGraphs":true,"m_FxEnabled":true},"in2DMode":false,"pivot":{"x":2.51387882232666,"y":0.45667025446891787,"z":0.09537094831466675},"rotation":{"x":0.046080172061920169,"y":0.7420702576637268,"z":-0.05128435045480728,"w":0.6667695045471191},"size":2.4379398822784426,"orthographic":false}